;Unnamed: 0.2;Unnamed: 0.1;Unnamed: 0;first;second;data_type;cosine_similarity
0;0;0;0;conll03_train;conll03_train;gazetteers;0,7533982992172241
1;1;1;1;conll03_train;conll03_train;gazetteers;0,7533982992172241
2;2;2;2;conll03_train;conll03_train;sentences;0,7007114887237549
3;3;3;3;conll03_train;conll03_train;sentences;0,7007114887237549
4;4;4;4;conll03_train;conll03_dev;gazetteers;0,7002054452896118
5;5;5;5;conll03_dev;conll03_train;gazetteers;0,8502382636070251
6;6;6;6;conll03_train;conll03_dev;sentences;0,5823596119880676
7;7;7;7;conll03_dev;conll03_train;sentences;0,6885507702827454
8;8;8;8;conll03_train;conll03_test;gazetteers;0,6755914688110352
9;9;9;9;conll03_test;conll03_train;gazetteers;0,8028678894042969
10;10;10;10;conll03_train;conll03_test;sentences;0,5381149649620056
11;11;11;11;conll03_test;conll03_train;sentences;0,6272163987159729
12;12;12;12;conll03_train;wnut_train;gazetteers;0,5825791954994202
13;13;13;13;wnut_train;conll03_train;gazetteers;0,6457687020301819
14;14;14;14;conll03_train;wnut_train;sentences;0,398391455411911
15;15;15;15;wnut_train;conll03_train;sentences;0,2586600482463836
16;16;16;16;conll03_train;wnut_dev;gazetteers;0,5307754278182983
17;17;17;17;wnut_dev;conll03_train;gazetteers;0,6167353391647339
18;18;18;18;conll03_train;wnut_dev;sentences;0,302938312292099
19;19;19;19;wnut_dev;conll03_train;sentences;0,2421935796737671
20;20;20;20;conll03_train;wnut_test;gazetteers;0,5525259971618652
21;21;21;21;wnut_test;conll03_train;gazetteers;0,6041315197944641
22;22;22;22;conll03_train;wnut_test;sentences;0,3405773937702179
23;23;23;23;wnut_test;conll03_train;sentences;0,2624014914035797
24;24;24;24;conll03_train;ai_train;gazetteers;0,4885877072811126
25;25;25;25;ai_train;conll03_train;gazetteers;0,5210883021354675
26;26;26;26;conll03_train;ai_train;sentences;0,1636748909950256
27;27;27;27;ai_train;conll03_train;sentences;0,2156818211078643
28;28;28;28;conll03_train;ai_dev;gazetteers;0,5375725626945496
29;29;29;29;ai_dev;conll03_train;gazetteers;0,5040066242218018
30;30;30;30;conll03_train;ai_dev;sentences;0,2403806447982788
31;31;31;31;ai_dev;conll03_train;sentences;0,2200259864330291
32;32;32;32;conll03_train;ai_test;gazetteers;0,5480899214744568
33;33;33;33;ai_test;conll03_train;gazetteers;0,5122836828231812
34;34;34;34;conll03_train;ai_test;sentences;0,2523366510868072
35;35;35;35;ai_test;conll03_train;sentences;0,2207728326320648
36;36;36;36;conll03_train;literature_train;gazetteers;0,5114281177520752
37;37;37;37;literature_train;conll03_train;gazetteers;0,6110705137252808
38;38;38;38;conll03_train;literature_train;sentences;0,1842774897813797
39;39;39;39;literature_train;conll03_train;sentences;0,2580516040325165
40;40;40;40;conll03_train;literature_dev;gazetteers;0,5830022096633911
41;41;41;41;literature_dev;conll03_train;gazetteers;0,6192682981491089
42;42;42;42;conll03_train;literature_dev;sentences;0,2676336169242859
43;43;43;43;literature_dev;conll03_train;sentences;0,2565309107303619
44;44;44;44;conll03_train;literature_test;gazetteers;0,5730882883071899
45;45;45;45;literature_test;conll03_train;gazetteers;0,6025817394256592
46;46;46;46;conll03_train;literature_test;sentences;0,2402355968952179
47;47;47;47;literature_test;conll03_train;sentences;0,2449465245008468
48;48;48;48;conll03_train;music_train;gazetteers;0,5013925433158875
49;49;49;49;music_train;conll03_train;gazetteers;0,5715440511703491
50;50;50;50;conll03_train;music_train;sentences;0,1982740759849548
51;51;51;51;music_train;conll03_train;sentences;0,2436200082302093
52;52;52;52;conll03_train;music_dev;gazetteers;0,578605592250824
53;53;53;53;music_dev;conll03_train;gazetteers;0,5836238265037537
54;54;54;54;conll03_train;music_dev;sentences;0,2688142955303192
55;55;55;55;music_dev;conll03_train;sentences;0,2489442676305771
56;56;56;56;conll03_train;music_test;gazetteers;0,5819725394248962
57;57;57;57;music_test;conll03_train;gazetteers;0,5803068280220032
58;58;58;58;conll03_train;music_test;sentences;0,2703907191753387
59;59;59;59;music_test;conll03_train;sentences;0,2468890845775604
60;60;60;60;conll03_train;politics_train;gazetteers;0,5792801380157471
61;61;61;61;politics_train;conll03_train;gazetteers;0,7017026543617249
62;62;62;62;conll03_train;politics_train;sentences;0,2903953492641449
63;63;63;63;politics_train;conll03_train;sentences;0,3881703615188598
64;64;64;64;conll03_train;politics_dev;gazetteers;0,6045976281166077
65;65;65;65;politics_dev;conll03_train;gazetteers;0,6612774729728699
66;66;66;66;conll03_train;politics_dev;sentences;0,3227914869785309
67;67;67;67;politics_dev;conll03_train;sentences;0,3918104469776153
68;68;68;68;conll03_train;politics_test;gazetteers;0,626793622970581
69;69;69;69;politics_test;conll03_train;gazetteers;0,6785674691200256
70;70;70;70;conll03_train;politics_test;sentences;0,3341696560382843
71;71;71;71;politics_test;conll03_train;sentences;0,3828140795230865
72;72;72;72;conll03_train;science_train;gazetteers;0,5334915518760681
73;73;73;73;science_train;conll03_train;gazetteers;0,577319860458374
74;74;74;74;conll03_train;science_train;sentences;0,2416861653327942
75;75;75;75;science_train;conll03_train;sentences;0,2461681365966797
76;76;76;76;conll03_train;science_dev;gazetteers;0,5761241316795349
77;77;77;77;science_dev;conll03_train;gazetteers;0,5737603306770325
78;78;78;78;conll03_train;science_dev;sentences;0,2753814160823822
79;79;79;79;science_dev;conll03_train;sentences;0,2495760768651962
80;80;80;80;conll03_train;science_test;gazetteers;0,5839596390724182
81;81;81;81;science_test;conll03_train;gazetteers;0,5663111805915833
82;82;82;82;conll03_train;science_test;sentences;0,2748735845088959
83;83;83;83;science_test;conll03_train;sentences;0,2536517977714538
84;84;84;84;conll03_dev;conll03_dev;gazetteers;0,744653582572937
85;85;85;85;conll03_dev;conll03_dev;gazetteers;0,744653582572937
86;86;86;86;conll03_dev;conll03_dev;sentences;0,6580114960670471
87;87;87;87;conll03_dev;conll03_dev;sentences;0,6580114960670471
88;88;88;88;conll03_dev;conll03_test;gazetteers;0,7242992520332336
89;89;89;89;conll03_test;conll03_dev;gazetteers;0,7296102643013
90;90;90;90;conll03_dev;conll03_test;sentences;0,5564765334129333
91;91;91;91;conll03_test;conll03_dev;sentences;0,5555697083473206
92;92;92;92;conll03_dev;wnut_train;gazetteers;0,6106199622154236
93;93;93;93;wnut_train;conll03_dev;gazetteers;0,5826272368431091
94;94;94;94;conll03_dev;wnut_train;sentences;0,3933160006999969
95;95;95;95;wnut_train;conll03_dev;sentences;0,2147246301174163
96;96;96;96;conll03_dev;wnut_dev;gazetteers;0,550436794757843
97;97;97;97;wnut_dev;conll03_dev;gazetteers;0,55522620677948
98;98;98;98;conll03_dev;wnut_dev;sentences;0,3065018355846405
99;99;99;99;wnut_dev;conll03_dev;sentences;0,1977641582489013
100;100;100;100;conll03_dev;wnut_test;gazetteers;0,5754181742668152
101;101;101;101;wnut_test;conll03_dev;gazetteers;0,5523270964622498
102;102;102;102;conll03_dev;wnut_test;sentences;0,3412150740623474
103;103;103;103;wnut_test;conll03_dev;sentences;0,2185069024562835
104;104;104;104;conll03_dev;ai_train;gazetteers;0,5091161727905273
105;105;105;105;ai_train;conll03_dev;gazetteers;0,4700083136558532
106;106;106;106;conll03_dev;ai_train;sentences;0,1590055376291275
107;107;107;107;ai_train;conll03_dev;sentences;0,1776282042264938
108;108;108;108;conll03_dev;ai_dev;gazetteers;0,5576984286308289
109;109;109;109;ai_dev;conll03_dev;gazetteers;0,4473768174648285
110;110;110;110;conll03_dev;ai_dev;sentences;0,2348109036684036
111;111;111;111;ai_dev;conll03_dev;sentences;0,1839526295661926
112;112;112;112;conll03_dev;ai_test;gazetteers;0,5714004039764404
113;113;113;113;ai_test;conll03_dev;gazetteers;0,4599317908287048
114;114;114;114;conll03_dev;ai_test;sentences;0,2470476031303405
115;115;115;115;ai_test;conll03_dev;sentences;0,1851242631673813
116;116;116;116;conll03_dev;literature_train;gazetteers;0,534913957118988
117;117;117;117;literature_train;conll03_dev;gazetteers;0,5534207820892334
118;118;118;118;conll03_dev;literature_train;sentences;0,1846005320549011
119;119;119;119;literature_train;conll03_dev;sentences;0,2157897651195526
120;120;120;120;conll03_dev;literature_dev;gazetteers;0,6126485466957092
121;121;121;121;literature_dev;conll03_dev;gazetteers;0,5621278285980225
122;122;122;122;conll03_dev;literature_dev;sentences;0,2925993800163269
123;123;123;123;literature_dev;conll03_dev;sentences;0,224395215511322
124;124;124;124;conll03_dev;literature_test;gazetteers;0,6029611825942993
125;125;125;125;literature_test;conll03_dev;gazetteers;0,5498552322387695
126;126;126;126;conll03_dev;literature_test;sentences;0,246853619813919
127;127;127;127;literature_test;conll03_dev;sentences;0,2215208113193512
128;128;128;128;conll03_dev;music_train;gazetteers;0,5272200107574463
129;129;129;129;music_train;conll03_dev;gazetteers;0,509955108165741
130;130;130;130;conll03_dev;music_train;sentences;0,1990332156419754
131;131;131;131;music_train;conll03_dev;sentences;0,1940475851297378
132;132;132;132;conll03_dev;music_dev;gazetteers;0,6062593460083008
133;133;133;133;music_dev;conll03_dev;gazetteers;0,5275676250457764
134;134;134;134;conll03_dev;music_dev;sentences;0,2846104800701141
135;135;135;135;music_dev;conll03_dev;sentences;0,200087308883667
136;136;136;136;conll03_dev;music_test;gazetteers;0,6142258644104004
137;137;137;137;music_test;conll03_dev;gazetteers;0,5253954529762268
138;138;138;138;conll03_dev;music_test;sentences;0,2757348120212555
139;139;139;139;music_test;conll03_dev;sentences;0,192197784781456
140;140;140;140;conll03_dev;politics_train;gazetteers;0,6099491715431213
141;141;141;141;politics_train;conll03_dev;gazetteers;0,6418842077255249
142;142;142;142;conll03_dev;politics_train;sentences;0,2884556949138641
143;143;143;143;politics_train;conll03_dev;sentences;0,3110184073448181
144;144;144;144;conll03_dev;politics_dev;gazetteers;0,633461594581604
145;145;145;145;politics_dev;conll03_dev;gazetteers;0,6119033098220825
146;146;146;146;conll03_dev;politics_dev;sentences;0,3271673023700714
147;147;147;147;politics_dev;conll03_dev;sentences;0,3330185711383819
148;148;148;148;conll03_dev;politics_test;gazetteers;0,6588998436927795
149;149;149;149;politics_test;conll03_dev;gazetteers;0,6230009198188782
150;150;150;150;conll03_dev;politics_test;sentences;0,3428331315517425
151;151;151;151;politics_test;conll03_dev;sentences;0,3225074410438537
152;152;152;152;conll03_dev;science_train;gazetteers;0,5530182123184204
153;153;153;153;science_train;conll03_dev;gazetteers;0,5120853781700134
154;154;154;154;conll03_dev;science_train;sentences;0,2497323602437973
155;155;155;155;science_train;conll03_dev;sentences;0,1875241994857788
156;156;156;156;conll03_dev;science_dev;gazetteers;0,5944185853004456
157;157;157;157;science_dev;conll03_dev;gazetteers;0,5069680213928223
158;158;158;158;conll03_dev;science_dev;sentences;0,2882051169872284
159;159;159;159;science_dev;conll03_dev;sentences;0,1921671628952026
160;160;160;160;conll03_dev;science_test;gazetteers;0,6026918292045593
161;161;161;161;science_test;conll03_dev;gazetteers;0,4974049627780914
162;162;162;162;conll03_dev;science_test;sentences;0,2787519097328186
163;163;163;163;science_test;conll03_dev;sentences;0,1925754696130752
164;164;164;164;conll03_test;conll03_test;gazetteers;0,7439432740211487
165;165;165;165;conll03_test;conll03_test;gazetteers;0,7439432740211487
166;166;166;166;conll03_test;conll03_test;sentences;0,657568097114563
167;167;167;167;conll03_test;conll03_test;sentences;0,657568097114563
168;168;168;168;conll03_test;wnut_train;gazetteers;0,621671736240387
169;169;169;169;wnut_train;conll03_test;gazetteers;0,5861093401908875
170;170;170;170;conll03_test;wnut_train;sentences;0,3861942589282989
171;171;171;171;wnut_train;conll03_test;sentences;0,2185657173395156
172;172;172;172;conll03_test;wnut_dev;gazetteers;0,5555117726325989
173;173;173;173;wnut_dev;conll03_test;gazetteers;0,5459191799163818
174;174;174;174;conll03_test;wnut_dev;sentences;0,3017309010028839
175;175;175;175;wnut_dev;conll03_test;sentences;0,199498176574707
176;176;176;176;conll03_test;wnut_test;gazetteers;0,5814229846000671
177;177;177;177;wnut_test;conll03_test;gazetteers;0,5468741655349731
178;178;178;178;conll03_test;wnut_test;sentences;0,3367137908935547
179;179;179;179;wnut_test;conll03_test;sentences;0,2189647853374481
180;180;180;180;conll03_test;ai_train;gazetteers;0,5101553797721863
181;181;181;181;ai_train;conll03_test;gazetteers;0,4694146513938904
182;182;182;182;conll03_test;ai_train;sentences;0,1633005142211914
183;183;183;183;ai_train;conll03_test;sentences;0,1791653782129287
184;184;184;184;conll03_test;ai_dev;gazetteers;0,5583553910255432
185;185;185;185;ai_dev;conll03_test;gazetteers;0,451141893863678
186;186;186;186;conll03_test;ai_dev;sentences;0,2376209646463394
187;187;187;187;ai_dev;conll03_test;sentences;0,1834237277507782
188;188;188;188;conll03_test;ai_test;gazetteers;0,5719165802001953
189;189;189;189;ai_test;conll03_test;gazetteers;0,4629664123058319
190;190;190;190;conll03_test;ai_test;sentences;0,2451225668191909
191;191;191;191;ai_test;conll03_test;sentences;0,188372254371643
192;192;192;192;conll03_test;literature_train;gazetteers;0,5317330360412598
193;193;193;193;literature_train;conll03_test;gazetteers;0,5472244620323181
194;194;194;194;conll03_test;literature_train;sentences;0,1789704710245132
195;195;195;195;literature_train;conll03_test;sentences;0,1896941363811493
196;196;196;196;conll03_test;literature_dev;gazetteers;0,6119031310081482
197;197;197;197;literature_dev;conll03_test;gazetteers;0,5567193031311035
198;198;198;198;conll03_test;literature_dev;sentences;0,2709618210792541
199;199;199;199;literature_dev;conll03_test;sentences;0,1926388442516327
200;200;200;200;conll03_test;literature_test;gazetteers;0,6019206643104553
201;201;201;201;literature_test;conll03_test;gazetteers;0,5410675406455994
202;202;202;202;conll03_test;literature_test;sentences;0,2274562269449234
203;203;203;203;literature_test;conll03_test;sentences;0,1825858354568481
204;204;204;204;conll03_test;music_train;gazetteers;0,5282315015792847
205;205;205;205;music_train;conll03_test;gazetteers;0,5069226026535034
206;206;206;206;conll03_test;music_train;sentences;0,2079104930162429
207;207;207;207;music_train;conll03_test;sentences;0,20250304043293
208;208;208;208;conll03_test;music_dev;gazetteers;0,6105083227157593
209;209;209;209;music_dev;conll03_test;gazetteers;0,52248615026474
210;210;210;210;conll03_test;music_dev;sentences;0,2787531018257141
211;211;211;211;music_dev;conll03_test;sentences;0,2045428901910781
212;212;212;212;conll03_test;music_test;gazetteers;0,6143421530723572
213;213;213;213;music_test;conll03_test;gazetteers;0,5157188177108765
214;214;214;214;conll03_test;music_test;sentences;0,2744970917701721
215;215;215;215;music_test;conll03_test;sentences;0,200411170721054
216;216;216;216;conll03_test;politics_train;gazetteers;0,6134452819824219
217;217;217;217;politics_train;conll03_test;gazetteers;0,6362246870994568
218;218;218;218;conll03_test;politics_train;sentences;0,2832206189632416
219;219;219;219;politics_train;conll03_test;sentences;0,3172651529312134
220;220;220;220;conll03_test;politics_dev;gazetteers;0,6338644027709961
221;221;221;221;politics_dev;conll03_test;gazetteers;0,6012005805969238
222;222;222;222;conll03_test;politics_dev;sentences;0,3049632608890533
223;223;223;223;politics_dev;conll03_test;sentences;0,3356117308139801
224;224;224;224;conll03_test;politics_test;gazetteers;0,6678640842437744
225;225;225;225;politics_test;conll03_test;gazetteers;0,6214840412139893
226;226;226;226;conll03_test;politics_test;sentences;0,3292389810085296
227;227;227;227;politics_test;conll03_test;sentences;0,328524112701416
228;228;228;228;conll03_test;science_train;gazetteers;0,553184986114502
229;229;229;229;science_train;conll03_test;gazetteers;0,5088498592376709
230;230;230;230;conll03_test;science_train;sentences;0,2499150782823562
231;231;231;231;science_train;conll03_test;sentences;0,1938845217227935
232;232;232;232;conll03_test;science_dev;gazetteers;0,5992500185966492
233;233;233;233;science_dev;conll03_test;gazetteers;0,5050331354141235
234;234;234;234;conll03_test;science_dev;sentences;0,2828056812286377
235;235;235;235;science_dev;conll03_test;sentences;0,1939619332551956
236;236;236;236;conll03_test;science_test;gazetteers;0,6053619980812073
237;237;237;237;science_test;conll03_test;gazetteers;0,4947171807289123
238;238;238;238;conll03_test;science_test;sentences;0,2762437760829925
239;239;239;239;science_test;conll03_test;sentences;0,1932911276817321
240;240;240;240;wnut_train;wnut_train;gazetteers;0,6349271535873413
241;241;241;241;wnut_train;wnut_train;gazetteers;0,6349271535873413
242;242;242;242;wnut_train;wnut_train;sentences;0,5899672508239746
243;243;243;243;wnut_train;wnut_train;sentences;0,5899672508239746
244;244;244;244;wnut_train;wnut_dev;gazetteers;0,5454146862030029
245;245;245;245;wnut_dev;wnut_train;gazetteers;0,578386127948761
246;246;246;246;wnut_train;wnut_dev;sentences;0,3917809128761291
247;247;247;247;wnut_dev;wnut_train;sentences;0,4029281139373779
248;248;248;248;wnut_train;wnut_test;gazetteers;0,5474833250045776
249;249;249;249;wnut_test;wnut_train;gazetteers;0,550631046295166
250;250;250;250;wnut_train;wnut_test;sentences;0,4449922442436218
251;251;251;251;wnut_test;wnut_train;sentences;0,4113253653049469
252;252;252;252;wnut_train;ai_train;gazetteers;0,4631268680095672
253;253;253;253;ai_train;wnut_train;gazetteers;0,4540823698043823
254;254;254;254;wnut_train;ai_train;sentences;0,162316083908081
255;255;255;255;ai_train;wnut_train;sentences;0,2669465243816376
256;256;256;256;wnut_train;ai_dev;gazetteers;0,5093410015106201
257;257;257;257;ai_dev;wnut_train;gazetteers;0,4408506453037262
258;258;258;258;wnut_train;ai_dev;sentences;0,2145934253931045
259;259;259;259;ai_dev;wnut_train;sentences;0,2787347435951233
260;260;260;260;wnut_train;ai_test;gazetteers;0,5271390676498413
261;261;261;261;ai_test;wnut_train;gazetteers;0,4461214542388916
262;262;262;262;wnut_train;ai_test;sentences;0,2244174629449844
263;263;263;263;ai_test;wnut_train;sentences;0,2814255058765411
264;264;264;264;wnut_train;literature_train;gazetteers;0,4742270708084106
265;265;265;265;literature_train;wnut_train;gazetteers;0,5278642177581787
266;266;266;266;wnut_train;literature_train;sentences;0,1885028928518295
267;267;267;267;literature_train;wnut_train;sentences;0,3234013319015503
268;268;268;268;wnut_train;literature_dev;gazetteers;0,5524264574050903
269;269;269;269;literature_dev;wnut_train;gazetteers;0,5382987260818481
270;270;270;270;wnut_train;literature_dev;sentences;0,2256026715040207
271;271;271;271;literature_dev;wnut_train;sentences;0,3190943598747253
272;272;272;272;wnut_train;literature_test;gazetteers;0,5462561249732971
273;273;273;273;literature_test;wnut_train;gazetteers;0,5311392545700073
274;274;274;274;wnut_train;literature_test;sentences;0,2138087898492813
275;275;275;275;literature_test;wnut_train;sentences;0,3166983127593994
276;276;276;276;wnut_train;music_train;gazetteers;0,5024418234825134
277;277;277;277;music_train;wnut_train;gazetteers;0,5455491542816162
278;278;278;278;wnut_train;music_train;sentences;0,1933658868074417
279;279;279;279;music_train;wnut_train;sentences;0,3801770806312561
280;280;280;280;wnut_train;music_dev;gazetteers;0,5727303624153137
281;281;281;281;music_dev;wnut_train;gazetteers;0,5488966703414917
282;282;282;282;wnut_train;music_dev;sentences;0,2351970374584198
283;283;283;283;music_dev;wnut_train;sentences;0,3807716071605682
284;284;284;284;wnut_train;music_test;gazetteers;0,5872101783752441
285;285;285;285;music_test;wnut_train;gazetteers;0,5465520024299622
286;286;286;286;wnut_train;music_test;sentences;0,2393389195203781
287;287;287;287;music_test;wnut_train;sentences;0,3768559396266937
288;288;288;288;wnut_train;politics_train;gazetteers;0,5199139714241028
289;289;289;289;politics_train;wnut_train;gazetteers;0,5627907514572144
290;290;290;290;wnut_train;politics_train;sentences;0,1864495277404785
291;291;291;291;politics_train;wnut_train;sentences;0,3163048028945923
292;292;292;292;wnut_train;politics_dev;gazetteers;0,5586941242218018
293;293;293;293;politics_dev;wnut_train;gazetteers;0,5350930094718933
294;294;294;294;wnut_train;politics_dev;sentences;0,228977769613266
295;295;295;295;politics_dev;wnut_train;sentences;0,3359608352184295
296;296;296;296;wnut_train;politics_test;gazetteers;0,57500159740448
297;297;297;297;politics_test;wnut_train;gazetteers;0,5497311353683472
298;298;298;298;wnut_train;politics_test;sentences;0,240922138094902
299;299;299;299;politics_test;wnut_train;sentences;0,3263824880123138
300;300;300;300;wnut_train;science_train;gazetteers;0,5066596865653992
301;301;301;301;science_train;wnut_train;gazetteers;0,5012010335922241
302;302;302;302;wnut_train;science_train;sentences;0,1976290345191955
303;303;303;303;science_train;wnut_train;sentences;0,3130314648151397
304;304;304;304;wnut_train;science_dev;gazetteers;0,5449756383895874
305;305;305;305;science_dev;wnut_train;gazetteers;0,4938871562480926
306;306;306;306;wnut_train;science_dev;sentences;0,2187798470258712
307;307;307;307;science_dev;wnut_train;sentences;0,3184528350830078
308;308;308;308;wnut_train;science_test;gazetteers;0,5474193692207336
309;309;309;309;science_test;wnut_train;gazetteers;0,4828307628631592
310;310;310;310;wnut_train;science_test;sentences;0,2265244722366333
311;311;311;311;science_test;wnut_train;sentences;0,315540999174118
312;312;312;312;wnut_dev;wnut_dev;gazetteers;0,6022058725357056
313;313;313;313;wnut_dev;wnut_dev;gazetteers;0,6022058725357056
314;314;314;314;wnut_dev;wnut_dev;sentences;0,4491617679595947
315;315;315;315;wnut_dev;wnut_dev;sentences;0,4491617679595947
316;316;316;316;wnut_dev;wnut_test;gazetteers;0,5760441422462463
317;317;317;317;wnut_test;wnut_dev;gazetteers;0,5384970307350159
318;318;318;318;wnut_dev;wnut_test;sentences;0,3748027086257934
319;319;319;319;wnut_test;wnut_dev;sentences;0,3480786383152008
320;320;320;320;wnut_dev;ai_train;gazetteers;0,4474224150180816
321;321;321;321;ai_train;wnut_dev;gazetteers;0,4091362059116363
322;322;322;322;wnut_dev;ai_train;sentences;0,1745137125253677
323;323;323;323;ai_train;wnut_dev;sentences;0,2467079162597656
324;324;324;324;wnut_dev;ai_dev;gazetteers;0,4963566064834595
325;325;325;325;ai_dev;wnut_dev;gazetteers;0,4016409814357757
326;326;326;326;wnut_dev;ai_dev;sentences;0,215228259563446
327;327;327;327;ai_dev;wnut_dev;sentences;0,2421236783266067
328;328;328;328;wnut_dev;ai_test;gazetteers;0,5054804682731628
329;329;329;329;ai_test;wnut_dev;gazetteers;0,4046046733856201
330;330;330;330;wnut_dev;ai_test;sentences;0,2231216877698898
331;331;331;331;ai_test;wnut_dev;sentences;0,2466263324022293
332;332;332;332;wnut_dev;literature_train;gazetteers;0,4690240323543548
333;333;333;333;literature_train;wnut_dev;gazetteers;0,4853700995445251
334;334;334;334;wnut_dev;literature_train;sentences;0,1869453340768814
335;335;335;335;literature_train;wnut_dev;sentences;0,2902625799179077
336;336;336;336;wnut_dev;literature_dev;gazetteers;0,5326036214828491
337;337;337;337;literature_dev;wnut_dev;gazetteers;0,492159754037857
338;338;338;338;wnut_dev;literature_dev;sentences;0,2375325858592987
339;339;339;339;literature_dev;wnut_dev;sentences;0,2960184514522552
340;340;340;340;wnut_dev;literature_test;gazetteers;0,5269169807434082
341;341;341;341;literature_test;wnut_dev;gazetteers;0,485365629196167
342;342;342;342;wnut_dev;literature_test;sentences;0,2292844504117965
343;343;343;343;literature_test;wnut_dev;sentences;0,2992517054080963
344;344;344;344;wnut_dev;music_train;gazetteers;0,4760811626911163
345;345;345;345;music_train;wnut_dev;gazetteers;0,4863375127315521
346;346;346;346;wnut_dev;music_train;sentences;0,2049583196640014
347;347;347;347;music_train;wnut_dev;sentences;0,3413980305194855
348;348;348;348;wnut_dev;music_dev;gazetteers;0,5456281304359436
349;349;349;349;music_dev;wnut_dev;gazetteers;0,4910732507705688
350;350;350;350;wnut_dev;music_dev;sentences;0,2467091530561447
351;351;351;351;music_dev;wnut_dev;sentences;0,3505074083805084
352;352;352;352;wnut_dev;music_test;gazetteers;0,553148627281189
353;353;353;353;music_test;wnut_dev;gazetteers;0,4870086312294006
354;354;354;354;wnut_dev;music_test;sentences;0,2461339980363845
355;355;355;355;music_test;wnut_dev;sentences;0,3433860838413238
356;356;356;356;wnut_dev;politics_train;gazetteers;0,4885076284408569
357;357;357;357;politics_train;wnut_dev;gazetteers;0,505371630191803
358;358;358;358;wnut_dev;politics_train;sentences;0,1832387000322342
359;359;359;359;politics_train;wnut_dev;sentences;0,2682004570960998
360;360;360;360;wnut_dev;politics_dev;gazetteers;0,5330988764762878
361;361;361;361;politics_dev;wnut_dev;gazetteers;0,4753949344158172
362;362;362;362;wnut_dev;politics_dev;sentences;0,2262556552886963
363;363;363;363;politics_dev;wnut_dev;sentences;0,281614750623703
364;364;364;364;wnut_dev;politics_test;gazetteers;0,5505630970001221
365;365;365;365;politics_test;wnut_dev;gazetteers;0,4895776212215423
366;366;366;366;wnut_dev;politics_test;sentences;0,2338052093982696
367;367;367;367;politics_test;wnut_dev;sentences;0,281694084405899
368;368;368;368;wnut_dev;science_train;gazetteers;0,4844595491886139
369;369;369;369;science_train;wnut_dev;gazetteers;0,4440665543079376
370;370;370;370;wnut_dev;science_train;sentences;0,2064170390367508
371;371;371;371;science_train;wnut_dev;sentences;0,2484645396471023
372;372;372;372;wnut_dev;science_dev;gazetteers;0,5184317231178284
373;373;373;373;science_dev;wnut_dev;gazetteers;0,4336988627910614
374;374;374;374;wnut_dev;science_dev;sentences;0,2263206094503402
375;375;375;375;science_dev;wnut_dev;sentences;0,2498426437377929
376;376;376;376;wnut_dev;science_test;gazetteers;0,5270625948905945
377;377;377;377;science_test;wnut_dev;gazetteers;0,4292914867401123
378;378;378;378;wnut_dev;science_test;sentences;0,2294995337724685
379;379;379;379;science_test;wnut_dev;sentences;0,2479993551969528
380;380;380;380;wnut_test;wnut_test;gazetteers;0,579969584941864
381;381;381;381;wnut_test;wnut_test;gazetteers;0,579969584941864
382;382;382;382;wnut_test;wnut_test;sentences;0,4582733511924743
383;383;383;383;wnut_test;wnut_test;sentences;0,4582733511924743
384;384;384;384;wnut_test;ai_train;gazetteers;0,4449939131736755
385;385;385;385;ai_train;wnut_test;gazetteers;0,4428263902664184
386;386;386;386;wnut_test;ai_train;sentences;0,1827070564031601
387;387;387;387;ai_train;wnut_test;sentences;0,2887985706329345
388;388;388;388;wnut_test;ai_dev;gazetteers;0,4913522005081177
389;389;389;389;ai_dev;wnut_test;gazetteers;0,4358609020709991
390;390;390;390;wnut_test;ai_dev;sentences;0,222955971956253
391;391;391;391;ai_dev;wnut_test;sentences;0,3047525584697723
392;392;392;392;wnut_test;ai_test;gazetteers;0,503572404384613
393;393;393;393;ai_test;wnut_test;gazetteers;0,441896915435791
394;394;394;394;wnut_test;ai_test;sentences;0,2340192347764969
395;395;395;395;ai_test;wnut_test;sentences;0,304281622171402
396;396;396;396;wnut_test;literature_train;gazetteers;0,4665317833423614
397;397;397;397;literature_train;wnut_test;gazetteers;0,5078439712524414
398;398;398;398;wnut_test;literature_train;sentences;0,1934403032064438
399;399;399;399;literature_train;wnut_test;sentences;0,3215176463127136
400;400;400;400;wnut_test;literature_dev;gazetteers;0,5273104310035706
401;401;401;401;literature_dev;wnut_test;gazetteers;0,5103280544281006
402;402;402;402;wnut_test;literature_dev;sentences;0,2351540476083755
403;403;403;403;literature_dev;wnut_test;sentences;0,323046326637268
404;404;404;404;wnut_test;literature_test;gazetteers;0,51954585313797
405;405;405;405;literature_test;wnut_test;gazetteers;0,4981941878795624
406;406;406;406;wnut_test;literature_test;sentences;0,2333035469055175
407;407;407;407;literature_test;wnut_test;sentences;0,327019453048706
408;408;408;408;wnut_test;music_train;gazetteers;0,4609145224094391
409;409;409;409;music_train;wnut_test;gazetteers;0,4865728616714477
410;410;410;410;wnut_test;music_train;sentences;0,1754446625709533
411;411;411;411;music_train;wnut_test;sentences;0,3161664009094238
412;412;412;412;wnut_test;music_dev;gazetteers;0,5239787101745605
413;413;413;413;music_dev;wnut_test;gazetteers;0,4973450005054474
414;414;414;414;wnut_test;music_dev;sentences;0,2198622524738311
415;415;415;415;music_dev;wnut_test;sentences;0,3302261531352997
416;416;416;416;wnut_test;music_test;gazetteers;0,5344394445419312
417;417;417;417;music_test;wnut_test;gazetteers;0,4940204918384552
418;418;418;418;wnut_test;music_test;sentences;0,224391222000122
419;419;419;419;music_test;wnut_test;sentences;0,3220562040805816
420;420;420;420;wnut_test;politics_train;gazetteers;0,4952028095722198
421;421;421;421;politics_train;wnut_test;gazetteers;0,5478037595748901
422;422;422;422;wnut_test;politics_train;sentences;0,2048630565404892
423;423;423;423;politics_train;wnut_test;sentences;0,3370379507541656
424;424;424;424;wnut_test;politics_dev;gazetteers;0,5347355604171753
425;425;425;425;politics_dev;wnut_test;gazetteers;0,5336849689483643
426;426;426;426;wnut_test;politics_dev;sentences;0,2454588115215301
427;427;427;427;politics_dev;wnut_test;sentences;0,3583327531814575
428;428;428;428;wnut_test;politics_test;gazetteers;0,5474869012832642
429;429;429;429;politics_test;wnut_test;gazetteers;0,5407506823539734
430;430;430;430;wnut_test;politics_test;sentences;0,2517740428447723
431;431;431;431;politics_test;wnut_test;sentences;0,3502588272094726
432;432;432;432;wnut_test;science_train;gazetteers;0,4817753732204437
433;433;433;433;science_train;wnut_test;gazetteers;0,473100870847702
434;434;434;434;wnut_test;science_train;sentences;0,2062027007341385
435;435;435;435;science_train;wnut_test;sentences;0,3077592849731445
436;436;436;436;wnut_test;science_dev;gazetteers;0,5157415270805359
437;437;437;437;science_dev;wnut_test;gazetteers;0,4670751988887787
438;438;438;438;wnut_test;science_dev;sentences;0,2343990504741668
439;439;439;439;science_dev;wnut_test;sentences;0,310458242893219
440;440;440;440;wnut_test;science_test;gazetteers;0,516218364238739
441;441;441;441;science_test;wnut_test;gazetteers;0,4615838527679443
442;442;442;442;wnut_test;science_test;sentences;0,2373213917016983
443;443;443;443;science_test;wnut_test;sentences;0,3037321269512176
444;444;444;444;ai_train;ai_train;gazetteers;0,6327853202819824
445;445;445;445;ai_train;ai_train;gazetteers;0,6327853202819824
446;446;446;446;ai_train;ai_train;sentences;0,4966714382171631
447;447;447;447;ai_train;ai_train;sentences;0,4966714382171631
448;448;448;448;ai_train;ai_dev;gazetteers;0,7159954905509949
449;449;449;449;ai_dev;ai_train;gazetteers;0,6009087562561035
450;450;450;450;ai_train;ai_dev;sentences;0,5558410286903381
451;451;451;451;ai_dev;ai_train;sentences;0,4755128622055053
452;452;452;452;ai_train;ai_test;gazetteers;0,7451218962669373
453;453;453;453;ai_test;ai_train;gazetteers;0,6011771559715271
454;454;454;454;ai_train;ai_test;sentences;0,5761752724647522
455;455;455;455;ai_test;ai_train;sentences;0,4704644680023193
456;456;456;456;ai_train;literature_train;gazetteers;0,3963329195976257
457;457;457;457;literature_train;ai_train;gazetteers;0,4571541249752044
458;458;458;458;ai_train;literature_train;sentences;0,1948583126068115
459;459;459;459;literature_train;ai_train;sentences;0,2438150346279144
460;460;460;460;ai_train;literature_dev;gazetteers;0,4788329005241394
461;461;461;461;literature_dev;ai_train;gazetteers;0,4681239128112793
462;462;462;462;ai_train;literature_dev;sentences;0,2666866481304168
463;463;463;463;literature_dev;ai_train;sentences;0,2483956813812255
464;464;464;464;ai_train;literature_test;gazetteers;0,4729745090007782
465;465;465;465;literature_test;ai_train;gazetteers;0,4566130340099334
466;466;466;466;ai_train;literature_test;sentences;0,2357649207115173
467;467;467;467;literature_test;ai_train;sentences;0,2511933743953705
468;468;468;468;ai_train;music_train;gazetteers;0,395517498254776
469;469;469;469;music_train;ai_train;gazetteers;0,4335332214832306
470;470;470;470;ai_train;music_train;sentences;0,1740164160728454
471;471;471;471;music_train;ai_train;sentences;0,2141066342592239
472;472;472;472;ai_train;music_dev;gazetteers;0,4742268621921539
473;473;473;473;music_dev;ai_train;gazetteers;0,4372089207172394
474;474;474;474;ai_train;music_dev;sentences;0,215074211359024
475;475;475;475;music_dev;ai_train;sentences;0,215367779135704
476;476;476;476;ai_train;music_test;gazetteers;0,4732470214366913
477;477;477;477;music_test;ai_train;gazetteers;0,4332711100578308
478;478;478;478;ai_train;music_test;sentences;0,2340321689844131
479;479;479;479;music_test;ai_train;sentences;0,2106070220470428
480;480;480;480;ai_train;politics_train;gazetteers;0,4273500740528106
481;481;481;481;politics_train;ai_train;gazetteers;0,4769650101661682
482;482;482;482;ai_train;politics_train;sentences;0,2074405550956726
483;483;483;483;politics_train;ai_train;sentences;0,2046519964933395
484;484;484;484;ai_train;politics_dev;gazetteers;0,4692889451980591
485;485;485;485;politics_dev;ai_train;gazetteers;0,4521973729133606
486;486;486;486;ai_train;politics_dev;sentences;0,2264841198921203
487;487;487;487;politics_dev;ai_train;sentences;0,2035607993602752
488;488;488;488;ai_train;politics_test;gazetteers;0,4801793992519378
489;489;489;489;politics_test;ai_train;gazetteers;0,4661416113376617
490;490;490;490;ai_train;politics_test;sentences;0,2445781230926513
491;491;491;491;politics_test;ai_train;sentences;0,206377625465393
492;492;492;492;ai_train;science_train;gazetteers;0,4531120955944061
493;493;493;493;science_train;ai_train;gazetteers;0,4611472189426422
494;494;494;494;ai_train;science_train;sentences;0,2632845044136047
495;495;495;495;science_train;ai_train;sentences;0,2597676515579223
496;496;496;496;ai_train;science_dev;gazetteers;0,5072512030601501
497;497;497;497;science_dev;ai_train;gazetteers;0,4585967659950256
498;498;498;498;ai_train;science_dev;sentences;0,3186583518981933
499;499;499;499;science_dev;ai_train;sentences;0,265864610671997
500;500;500;500;ai_train;science_test;gazetteers;0,5071499347686768
501;501;501;501;science_test;ai_train;gazetteers;0,447270005941391
502;502;502;502;ai_train;science_test;sentences;0,3206604719161987
503;503;503;503;science_test;ai_train;sentences;0,2649185061454773
504;504;504;504;ai_dev;ai_dev;gazetteers;0,6642779111862183
505;505;505;505;ai_dev;ai_dev;gazetteers;0,6642779111862183
506;506;506;506;ai_dev;ai_dev;sentences;0,5758954882621765
507;507;507;507;ai_dev;ai_dev;sentences;0,5758954882621765
508;508;508;508;ai_dev;ai_test;gazetteers;0,7087967395782471
509;509;509;509;ai_test;ai_dev;gazetteers;0,6897240877151489
510;510;510;510;ai_dev;ai_test;sentences;0,5851789116859436
511;511;511;511;ai_test;ai_dev;sentences;0,5648801922798157
512;512;512;512;ai_dev;literature_train;gazetteers;0,3813086152076721
513;513;513;513;literature_train;ai_dev;gazetteers;0,5026034116744995
514;514;514;514;ai_dev;literature_train;sentences;0,2038235515356063
515;515;515;515;literature_train;ai_dev;sentences;0,3000945150852203
516;516;516;516;ai_dev;literature_dev;gazetteers;0,468666523694992
517;517;517;517;literature_dev;ai_dev;gazetteers;0,5110401511192322
518;518;518;518;ai_dev;literature_dev;sentences;0,274348109960556
519;519;519;519;literature_dev;ai_dev;sentences;0,3157629668712616
520;520;520;520;ai_dev;literature_test;gazetteers;0,4514572322368622
521;521;521;521;literature_test;ai_dev;gazetteers;0,4999772608280182
522;522;522;522;ai_dev;literature_test;sentences;0,2449928075075149
523;523;523;523;literature_test;ai_dev;sentences;0,3102697432041168
524;524;524;524;ai_dev;music_train;gazetteers;0,3766868412494659
525;525;525;525;music_train;ai_dev;gazetteers;0,4613702595233917
526;526;526;526;ai_dev;music_train;sentences;0,1844047158956527
527;527;527;527;music_train;ai_dev;sentences;0,2761848270893097
528;528;528;528;ai_dev;music_dev;gazetteers;0,4509148597717285
529;529;529;529;music_dev;ai_dev;gazetteers;0,4704856872558594
530;530;530;530;ai_dev;music_dev;sentences;0,2213623821735382
531;531;531;531;music_dev;ai_dev;sentences;0,2834402322769165
532;532;532;532;ai_dev;music_test;gazetteers;0,4550665020942688
533;533;533;533;music_test;ai_dev;gazetteers;0,46825110912323
534;534;534;534;ai_dev;music_test;sentences;0,241997018456459
535;535;535;535;music_test;ai_dev;sentences;0,2773943841457367
536;536;536;536;ai_dev;politics_train;gazetteers;0,4095251858234405
537;537;537;537;politics_train;ai_dev;gazetteers;0,52260422706604
538;538;538;538;ai_dev;politics_train;sentences;0,2189825475215912
539;539;539;539;politics_train;ai_dev;sentences;0,2803628444671631
540;540;540;540;ai_dev;politics_dev;gazetteers;0,4514084756374359
541;541;541;541;politics_dev;ai_dev;gazetteers;0,4906687140464782
542;542;542;542;ai_dev;politics_dev;sentences;0,2423668503761291
543;543;543;543;politics_dev;ai_dev;sentences;0,2811693549156189
544;544;544;544;ai_dev;politics_test;gazetteers;0,4563648402690887
545;545;545;545;politics_test;ai_dev;gazetteers;0,5084353685379028
546;546;546;546;ai_dev;politics_test;sentences;0,2580769062042236
547;547;547;547;politics_test;ai_dev;sentences;0,2850393652915954
548;548;548;548;ai_dev;science_train;gazetteers;0,4363792538642883
549;549;549;549;science_train;ai_dev;gazetteers;0,5185344815254211
550;550;550;550;ai_dev;science_train;sentences;0,2737349569797516
551;551;551;551;science_train;ai_dev;sentences;0,3377229273319244
552;552;552;552;ai_dev;science_dev;gazetteers;0,493448406457901
553;553;553;553;science_dev;ai_dev;gazetteers;0,5124767422676086
554;554;554;554;ai_dev;science_dev;sentences;0,3266297578811645
555;555;555;555;science_dev;ai_dev;sentences;0,3408654928207397
556;556;556;556;ai_dev;science_test;gazetteers;0,5009446740150452
557;557;557;557;science_test;ai_dev;gazetteers;0,5080264806747437
558;558;558;558;ai_dev;science_test;sentences;0,3377436995506286
559;559;559;559;science_test;ai_dev;sentences;0,3437545001506805
560;560;560;560;ai_test;ai_test;gazetteers;0,6696946620941162
561;561;561;561;ai_test;ai_test;gazetteers;0,6696946620941162
562;562;562;562;ai_test;ai_test;sentences;0,5683050751686096
563;563;563;563;ai_test;ai_test;sentences;0,5683050751686096
564;564;564;564;ai_test;literature_train;gazetteers;0,3882177770137787
565;565;565;565;literature_train;ai_test;gazetteers;0,5125354528427124
566;566;566;566;ai_test;literature_train;sentences;0,2045724540948867
567;567;567;567;literature_train;ai_test;sentences;0,3048378229141235
568;568;568;568;ai_test;literature_dev;gazetteers;0,472628116607666
569;569;569;569;literature_dev;ai_test;gazetteers;0,5191514492034912
570;570;570;570;ai_test;literature_dev;sentences;0,2693548202514648
571;571;571;571;literature_dev;ai_test;sentences;0,3093559443950653
572;572;572;572;ai_test;literature_test;gazetteers;0,460079938173294
573;573;573;573;literature_test;ai_test;gazetteers;0,5073752999305725
574;574;574;574;ai_test;literature_test;sentences;0,2429539412260055
575;575;575;575;literature_test;ai_test;sentences;0,3056167662143707
576;576;576;576;ai_test;music_train;gazetteers;0,3860446214675903
577;577;577;577;music_train;ai_test;gazetteers;0,4822688698768616
578;578;578;578;ai_test;music_train;sentences;0,1786496490240097
579;579;579;579;music_train;ai_test;sentences;0,2805127799510956
580;580;580;580;ai_test;music_dev;gazetteers;0,4575967192649841
581;581;581;581;music_dev;ai_test;gazetteers;0,4853858649730682
582;582;582;582;ai_test;music_dev;sentences;0,2126940637826919
583;583;583;583;music_dev;ai_test;sentences;0,285860925912857
584;584;584;584;ai_test;music_test;gazetteers;0,4646023213863373
585;585;585;585;music_test;ai_test;gazetteers;0,4852683246135711
586;586;586;586;ai_test;music_test;sentences;0,2401327043771743
587;587;587;587;music_test;ai_test;sentences;0,2881018221378326
588;588;588;588;ai_test;politics_train;gazetteers;0,4153443574905395
589;589;589;589;politics_train;ai_test;gazetteers;0,5260600447654724
590;590;590;590;ai_test;politics_train;sentences;0,218597412109375
591;591;591;591;politics_train;ai_test;sentences;0,2616579234600067
592;592;592;592;ai_test;politics_dev;gazetteers;0,4585395455360412
593;593;593;593;politics_dev;ai_test;gazetteers;0,4993478655815124
594;594;594;594;ai_test;politics_dev;sentences;0,2352893352508545
595;595;595;595;politics_dev;ai_test;sentences;0,2769337892532348
596;596;596;596;ai_test;politics_test;gazetteers;0,4577695727348327
597;597;597;597;politics_test;ai_test;gazetteers;0,5129209756851196
598;598;598;598;ai_test;politics_test;sentences;0,2493661642074585
599;599;599;599;politics_test;ai_test;sentences;0,279932290315628
600;600;600;600;ai_test;science_train;gazetteers;0,4429072141647339
601;601;601;601;science_train;ai_test;gazetteers;0,5276474952697754
602;602;602;602;ai_test;science_train;sentences;0,269648402929306
603;603;603;603;science_train;ai_test;sentences;0,3231205642223358
604;604;604;604;ai_test;science_dev;gazetteers;0,4949586391448974
605;605;605;605;science_dev;ai_test;gazetteers;0,5227705836296082
606;606;606;606;ai_test;science_dev;sentences;0,3164832890033722
607;607;607;607;science_dev;ai_test;sentences;0,3319501280784607
608;608;608;608;ai_test;science_test;gazetteers;0,5029939413070679
609;609;609;609;science_test;ai_test;gazetteers;0,5175586342811584
610;610;610;610;ai_test;science_test;sentences;0,3304152190685272
611;611;611;611;science_test;ai_test;sentences;0,3333326578140259
612;612;612;612;literature_train;literature_train;gazetteers;0,5833039879798889
613;613;613;613;literature_train;literature_train;gazetteers;0,5833039879798889
614;614;614;614;literature_train;literature_train;sentences;0,4220153391361236
615;615;615;615;literature_train;literature_train;sentences;0,4220153391361236
616;616;616;616;literature_train;literature_dev;gazetteers;0,6860576272010803
617;617;617;617;literature_dev;literature_train;gazetteers;0,566681444644928
618;618;618;618;literature_train;literature_dev;sentences;0,5019944310188293
619;619;619;619;literature_dev;literature_train;sentences;0,4189106523990631
620;620;620;620;literature_train;literature_test;gazetteers;0,6883245706558228
621;621;621;621;literature_test;literature_train;gazetteers;0,5644455552101135
622;622;622;622;literature_train;literature_test;sentences;0,50441575050354
623;623;623;623;literature_test;literature_train;sentences;0,428214967250824
624;624;624;624;literature_train;music_train;gazetteers;0,5058890581130981
625;625;625;625;music_train;literature_train;gazetteers;0,4959060847759247
626;626;626;626;literature_train;music_train;sentences;0,304789125919342
627;627;627;627;music_train;literature_train;sentences;0,3172317147254944
628;628;628;628;literature_train;music_dev;gazetteers;0,5692856311798096
629;629;629;629;music_dev;literature_train;gazetteers;0,4891596138477325
630;630;630;630;literature_train;music_dev;sentences;0,343648225069046
631;631;631;631;music_dev;literature_train;sentences;0,3255594372749328
632;632;632;632;literature_train;music_test;gazetteers;0,582359254360199
633;633;633;633;music_test;literature_train;gazetteers;0,4898625910282135
634;634;634;634;literature_train;music_test;sentences;0,3455235958099365
635;635;635;635;music_test;literature_train;sentences;0,323809415102005
636;636;636;636;literature_train;politics_train;gazetteers;0,5104522705078125
637;637;637;637;politics_train;literature_train;gazetteers;0,5064559578895569
638;638;638;638;literature_train;politics_train;sentences;0,2886261940002441
639;639;639;639;politics_train;literature_train;sentences;0,2569832503795624
640;640;640;640;literature_train;politics_dev;gazetteers;0,5483790040016174
641;641;641;641;politics_dev;literature_train;gazetteers;0,4832926094532013
642;642;642;642;literature_train;politics_dev;sentences;0,3311275541782379
643;643;643;643;politics_dev;literature_train;sentences;0,2462010979652404
644;644;644;644;literature_train;politics_test;gazetteers;0,5709657669067383
645;645;645;645;politics_test;literature_train;gazetteers;0,4967737793922424
646;646;646;646;literature_train;politics_test;sentences;0,3454170823097229
647;647;647;647;politics_test;literature_train;sentences;0,2501309812068939
648;648;648;648;literature_train;science_train;gazetteers;0,5279732942581177
649;649;649;649;science_train;literature_train;gazetteers;0,4562346041202545
650;650;650;650;literature_train;science_train;sentences;0,3392604887485504
651;651;651;651;science_train;literature_train;sentences;0,2623602449893951
652;652;652;652;literature_train;science_dev;gazetteers;0,5612552165985107
653;653;653;653;science_dev;literature_train;gazetteers;0,4483244121074676
654;654;654;654;literature_train;science_dev;sentences;0,3595238327980041
655;655;655;655;science_dev;literature_train;sentences;0,2645807564258575
656;656;656;656;literature_train;science_test;gazetteers;0,5587372779846191
657;657;657;657;science_test;literature_train;gazetteers;0,4380949735641479
658;658;658;658;literature_train;science_test;sentences;0,354104071855545
659;659;659;659;science_test;literature_train;sentences;0,2662372291088104
660;660;660;660;literature_dev;literature_dev;gazetteers;0,6325664520263672
661;661;661;661;literature_dev;literature_dev;gazetteers;0,6325664520263672
662;662;662;662;literature_dev;literature_dev;sentences;0,4824307560920715
663;663;663;663;literature_dev;literature_dev;sentences;0,4824307560920715
664;664;664;664;literature_dev;literature_test;gazetteers;0,6703999042510986
665;665;665;665;literature_test;literature_dev;gazetteers;0,662484884262085
666;666;666;666;literature_dev;literature_test;sentences;0,4946495592594147
667;667;667;667;literature_test;literature_dev;sentences;0,5035096406936646
668;668;668;668;literature_dev;music_train;gazetteers;0,5041754841804504
669;669;669;669;music_train;literature_dev;gazetteers;0,5670413970947266
670;670;670;670;literature_dev;music_train;sentences;0,3139541447162628
671;671;671;671;music_train;literature_dev;sentences;0,3715799152851105
672;672;672;672;literature_dev;music_dev;gazetteers;0,5732271075248718
673;673;673;673;music_dev;literature_dev;gazetteers;0,5592119097709656
674;674;674;674;literature_dev;music_dev;sentences;0,3488011956214905
675;675;675;675;music_dev;literature_dev;sentences;0,3760286271572113
676;676;676;676;literature_dev;music_test;gazetteers;0,5818847417831421
677;677;677;677;music_test;literature_dev;gazetteers;0,5610266923904419
678;678;678;678;literature_dev;music_test;sentences;0,3556086122989654
679;679;679;679;music_test;literature_dev;sentences;0,3713667094707489
680;680;680;680;literature_dev;politics_train;gazetteers;0,5204376578330994
681;681;681;681;politics_train;literature_dev;gazetteers;0,5913416743278503
682;682;682;682;literature_dev;politics_train;sentences;0,2896115481853485
683;683;683;683;politics_train;literature_dev;sentences;0,3416352868080139
684;684;684;684;literature_dev;politics_dev;gazetteers;0,5529999136924744
685;685;685;685;politics_dev;literature_dev;gazetteers;0,5608694553375244
686;686;686;686;literature_dev;politics_dev;sentences;0,3439055681228637
687;687;687;687;politics_dev;literature_dev;sentences;0,3398970067501068
688;688;688;688;literature_dev;politics_test;gazetteers;0,5857961773872375
689;689;689;689;politics_test;literature_dev;gazetteers;0,5822318196296692
690;690;690;690;literature_dev;politics_test;sentences;0,3626093864440918
691;691;691;691;politics_test;literature_dev;sentences;0,3456998765468597
692;692;692;692;literature_dev;science_train;gazetteers;0,5237779021263123
693;693;693;693;science_train;literature_dev;gazetteers;0,5369453430175781
694;694;694;694;literature_dev;science_train;sentences;0,3320330679416656
695;695;695;695;science_train;literature_dev;sentences;0,3204979598522186
696;696;696;696;literature_dev;science_dev;gazetteers;0,5598735213279724
697;697;697;697;science_dev;literature_dev;gazetteers;0,5262174606323242
698;698;698;698;literature_dev;science_dev;sentences;0,3606646955013275
699;699;699;699;science_dev;literature_dev;sentences;0,3281618058681488
700;700;700;700;literature_dev;science_test;gazetteers;0,5658711194992065
701;701;701;701;science_test;literature_dev;gazetteers;0,5150608420372009
702;702;702;702;literature_dev;science_test;sentences;0,3618916273117065
703;703;703;703;science_test;literature_dev;sentences;0,3199819326400757
704;704;704;704;literature_test;literature_test;gazetteers;0,6282958984375
705;705;705;705;literature_test;literature_test;gazetteers;0,6282958984375
706;706;706;706;literature_test;literature_test;sentences;0,4989737272262573
707;707;707;707;literature_test;literature_test;sentences;0,4989737272262573
708;708;708;708;literature_test;music_train;gazetteers;0,4994882047176361
709;709;709;709;music_train;literature_test;gazetteers;0,5634864568710327
710;710;710;710;literature_test;music_train;sentences;0,3069005906581878
711;711;711;711;music_train;literature_test;sentences;0,3676886558532715
712;712;712;712;literature_test;music_dev;gazetteers;0,5684013366699219
713;713;713;713;music_dev;literature_test;gazetteers;0,5598072409629822
714;714;714;714;literature_test;music_dev;sentences;0,3403740525245666
715;715;715;715;music_dev;literature_test;sentences;0,3621315062046051
716;716;716;716;literature_test;music_test;gazetteers;0,576981782913208
717;717;717;717;music_test;literature_test;gazetteers;0,5576064586639404
718;718;718;718;literature_test;music_test;sentences;0,3469535112380981
719;719;719;719;music_test;literature_test;sentences;0,359028697013855
720;720;720;720;literature_test;politics_train;gazetteers;0,5070927143096924
721;721;721;721;politics_train;literature_test;gazetteers;0,5783069729804993
722;722;722;722;literature_test;politics_train;sentences;0,2853327095508575
723;723;723;723;politics_train;literature_test;sentences;0,3254814743995666
724;724;724;724;literature_test;politics_dev;gazetteers;0,5411142706871033
725;725;725;725;politics_dev;literature_test;gazetteers;0,5425435304641724
726;726;726;726;literature_test;politics_dev;sentences;0,341038703918457
727;727;727;727;politics_dev;literature_test;sentences;0,312210351228714
728;728;728;728;literature_test;politics_test;gazetteers;0,5659953951835632
729;729;729;729;politics_test;literature_test;gazetteers;0,5626823306083679
730;730;730;730;literature_test;politics_test;sentences;0,3518310785293579
731;731;731;731;politics_test;literature_test;sentences;0,3168725073337555
732;732;732;732;literature_test;science_train;gazetteers;0,5160935521125793
733;733;733;733;science_train;literature_test;gazetteers;0,5274142026901245
734;734;734;734;literature_test;science_train;sentences;0,3277628123760223
735;735;735;735;science_train;literature_test;sentences;0,3197202086448669
736;736;736;736;literature_test;science_dev;gazetteers;0,5478352308273315
737;737;737;737;science_dev;literature_test;gazetteers;0,5168753266334534
738;738;738;738;literature_test;science_dev;sentences;0,3517350554466247
739;739;739;739;science_dev;literature_test;sentences;0,3206562399864197
740;740;740;740;literature_test;science_test;gazetteers;0,555325984954834
741;741;741;741;science_test;literature_test;gazetteers;0,5080041289329529
742;742;742;742;literature_test;science_test;sentences;0,3564000129699707
743;743;743;743;science_test;literature_test;sentences;0,3213230967521667
744;744;744;744;music_train;music_train;gazetteers;0,6047452688217163
745;745;745;745;music_train;music_train;gazetteers;0,6047452688217163
746;746;746;746;music_train;music_train;sentences;0,5099801421165466
747;747;747;747;music_train;music_train;sentences;0,5099801421165466
748;748;748;748;music_train;music_dev;gazetteers;0,7083863019943237
749;749;749;749;music_dev;music_train;gazetteers;0,5749040842056274
750;750;750;750;music_train;music_dev;sentences;0,5775678753852844
751;751;751;751;music_dev;music_train;sentences;0,5021084547042847
752;752;752;752;music_train;music_test;gazetteers;0,7309596538543701
753;753;753;753;music_test;music_train;gazetteers;0,5777618288993835
754;754;754;754;music_train;music_test;sentences;0,6045096516609192
755;755;755;755;music_test;music_train;sentences;0,4997948408126831
756;756;756;756;music_train;politics_train;gazetteers;0,4731747806072235
757;757;757;757;politics_train;music_train;gazetteers;0,482523649930954
758;758;758;758;music_train;politics_train;sentences;0,2762120068073272
759;759;759;759;politics_train;music_train;sentences;0,2678817510604858
760;760;760;760;music_train;politics_dev;gazetteers;0,5077703595161438
761;761;761;761;politics_dev;music_train;gazetteers;0,4626179039478302
762;762;762;762;music_train;politics_dev;sentences;0,3083693385124206
763;763;763;763;politics_dev;music_train;sentences;0,271326869726181
764;764;764;764;music_train;politics_test;gazetteers;0,5258833765983582
765;765;765;765;politics_test;music_train;gazetteers;0,4763786792755127
766;766;766;766;music_train;politics_test;sentences;0,3138779401779175
767;767;767;767;politics_test;music_train;sentences;0,2627622187137604
768;768;768;768;music_train;science_train;gazetteers;0,5195116996765137
769;769;769;769;science_train;music_train;gazetteers;0,4505575001239776
770;770;770;770;music_train;science_train;sentences;0,3614009916782379
771;771;771;771;science_train;music_train;sentences;0,2290910929441452
772;772;772;772;music_train;science_dev;gazetteers;0,5356748700141907
773;773;773;773;science_dev;music_train;gazetteers;0,4392264485359192
774;774;774;774;music_train;science_dev;sentences;0,3747265636920929
775;775;775;775;science_dev;music_train;sentences;0,2400477528572082
776;776;776;776;music_train;science_test;gazetteers;0,556263267993927
777;777;777;777;science_test;music_train;gazetteers;0,4331690371036529
778;778;778;778;music_train;science_test;sentences;0,3870687782764435
779;779;779;779;science_test;music_train;sentences;0,2300607413053512
780;780;780;780;music_dev;music_dev;gazetteers;0,6374825835227966
781;781;781;781;music_dev;music_dev;gazetteers;0,6374825835227966
782;782;782;782;music_dev;music_dev;sentences;0,5720383524894714
783;783;783;783;music_dev;music_dev;sentences;0,5720383524894714
784;784;784;784;music_dev;music_test;gazetteers;0,6980849504470825
785;785;785;785;music_test;music_dev;gazetteers;0,6809465885162354
786;786;786;786;music_dev;music_test;sentences;0,5830605030059814
787;787;787;787;music_test;music_dev;sentences;0,5672357082366943
788;788;788;788;music_dev;politics_train;gazetteers;0,4865088760852813
789;789;789;789;politics_train;music_dev;gazetteers;0,5720357298851013
790;790;790;790;music_dev;politics_train;sentences;0,2765164077281952
791;791;791;791;politics_train;music_dev;sentences;0,3010625839233398
792;792;792;792;music_dev;politics_dev;gazetteers;0,5195392370223999
793;793;793;793;politics_dev;music_dev;gazetteers;0,5500063896179199
794;794;794;794;music_dev;politics_dev;sentences;0,3165452480316162
795;795;795;795;politics_dev;music_dev;sentences;0,3054884374141693
796;796;796;796;music_dev;politics_test;gazetteers;0,5386533141136169
797;797;797;797;politics_test;music_dev;gazetteers;0,5633643269538879
798;798;798;798;music_dev;politics_test;sentences;0,3230530619621277
799;799;799;799;politics_test;music_dev;sentences;0,3038147389888763
800;800;800;800;music_dev;science_train;gazetteers;0,5020367503166199
801;801;801;801;science_train;music_dev;gazetteers;0,525039553642273
802;802;802;802;music_dev;science_train;sentences;0,3619331121444702
803;803;803;803;science_train;music_dev;sentences;0,2823791801929474
804;804;804;804;music_dev;science_dev;gazetteers;0,5324026942253113
805;805;805;805;science_dev;music_dev;gazetteers;0,5157254934310913
806;806;806;806;music_dev;science_dev;sentences;0,3885574042797088
807;807;807;807;science_dev;music_dev;sentences;0,2883572876453399
808;808;808;808;music_dev;science_test;gazetteers;0,545498251914978
809;809;809;809;science_test;music_dev;gazetteers;0,5062275528907776
810;810;810;810;music_dev;science_test;sentences;0,3941448926925659
811;811;811;811;science_test;music_dev;sentences;0,2821739017963409
812;812;812;812;music_test;music_test;gazetteers;0,6460222005844116
813;813;813;813;music_test;music_test;gazetteers;0,6460222005844116
814;814;814;814;music_test;music_test;sentences;0,5756862163543701
815;815;815;815;music_test;music_test;sentences;0,5756862163543701
816;816;816;816;music_test;politics_train;gazetteers;0,4813064038753509
817;817;817;817;politics_train;music_test;gazetteers;0,5735082030296326
818;818;818;818;music_test;politics_train;sentences;0,2720186412334442
819;819;819;819;politics_train;music_test;sentences;0,2957482635974884
820;820;820;820;music_test;politics_dev;gazetteers;0,5147437453269958
821;821;821;821;politics_dev;music_test;gazetteers;0,5477516055107117
822;822;822;822;music_test;politics_dev;sentences;0,3059094846248626
823;823;823;823;politics_dev;music_test;sentences;0,3009953200817108
824;824;824;824;music_test;politics_test;gazetteers;0,5395030379295349
825;825;825;825;politics_test;music_test;gazetteers;0,5659030675888062
826;826;826;826;music_test;politics_test;sentences;0,3262315392494201
827;827;827;827;politics_test;music_test;sentences;0,3053206503391266
828;828;828;828;music_test;science_train;gazetteers;0,50343918800354
829;829;829;829;science_train;music_test;gazetteers;0,5294877290725708
830;830;830;830;music_test;science_train;sentences;0,3626669347286224
831;831;831;831;science_train;music_test;sentences;0,2814731299877167
832;832;832;832;music_test;science_dev;gazetteers;0,5307638645172119
833;833;833;833;science_dev;music_test;gazetteers;0,5194723606109619
834;834;834;834;music_test;science_dev;sentences;0,3762886226177215
835;835;835;835;science_dev;music_test;sentences;0,2881667613983154
836;836;836;836;music_test;science_test;gazetteers;0,5480183362960815
837;837;837;837;science_test;music_test;gazetteers;0,5116959810256958
838;838;838;838;music_test;science_test;sentences;0,3844648003578186
839;839;839;839;science_test;music_test;sentences;0,2831224799156189
840;840;840;840;politics_train;politics_train;gazetteers;0,6807387471199036
841;841;841;841;politics_train;politics_train;gazetteers;0,6807387471199036
842;842;842;842;politics_train;politics_train;sentences;0,5395346879959106
843;843;843;843;politics_train;politics_train;sentences;0,5395346879959106
844;844;844;844;politics_train;politics_dev;gazetteers;0,7152504920959473
845;845;845;845;politics_dev;politics_train;gazetteers;0,652830958366394
846;846;846;846;politics_train;politics_dev;sentences;0,5081270933151245
847;847;847;847;politics_dev;politics_train;sentences;0,509904682636261
848;848;848;848;politics_train;politics_test;gazetteers;0,7412315011024475
849;849;849;849;politics_test;politics_train;gazetteers;0,6512437462806702
850;850;850;850;politics_train;politics_test;sentences;0,5354530215263367
851;851;851;851;politics_test;politics_train;sentences;0,4805567860603332
852;852;852;852;politics_train;science_train;gazetteers;0,516030490398407
853;853;853;853;science_train;politics_train;gazetteers;0,4820326268672943
854;854;854;854;politics_train;science_train;sentences;0,2861271500587463
855;855;855;855;science_train;politics_train;sentences;0,2647880017757416
856;856;856;856;politics_train;science_dev;gazetteers;0,5855266451835632
857;857;857;857;science_dev;politics_train;gazetteers;0,4766212999820709
858;858;858;858;politics_train;science_dev;sentences;0,3293581306934356
859;859;859;859;science_dev;politics_train;sentences;0,2742192447185516
860;860;860;860;politics_train;science_test;gazetteers;0,5696845650672913
861;861;861;861;science_test;politics_train;gazetteers;0,4671482741832733
862;862;862;862;politics_train;science_test;sentences;0,3364395499229431
863;863;863;863;science_test;politics_train;sentences;0,2733140885829925
864;864;864;864;politics_dev;politics_dev;gazetteers;0,7145513296127319
865;865;865;865;politics_dev;politics_dev;gazetteers;0,7145513296127319
866;866;866;866;politics_dev;politics_dev;sentences;0,6195680499076843
867;867;867;867;politics_dev;politics_dev;sentences;0,6195680499076843
868;868;868;868;politics_dev;politics_test;gazetteers;0,7364875674247742
869;869;869;869;politics_test;politics_dev;gazetteers;0,7097604870796204
870;870;870;870;politics_dev;politics_test;sentences;0,5996721386909485
871;871;871;871;politics_test;politics_dev;sentences;0,5508509278297424
872;872;872;872;politics_dev;science_train;gazetteers;0,4969917833805084
873;873;873;873;science_train;politics_dev;gazetteers;0,518237292766571
874;874;874;874;politics_dev;science_train;sentences;0,2670632600784302
875;875;875;875;science_train;politics_dev;sentences;0,2944333255290985
876;876;876;876;politics_dev;science_dev;gazetteers;0,5548199415206909
877;877;877;877;science_dev;politics_dev;gazetteers;0,5085074305534363
878;878;878;878;politics_dev;science_dev;sentences;0,3169498145580292
879;879;879;879;science_dev;politics_dev;sentences;0,3024289906024933
880;880;880;880;politics_dev;science_test;gazetteers;0,541696310043335
881;881;881;881;science_test;politics_dev;gazetteers;0,5022650361061096
882;882;882;882;politics_dev;science_test;sentences;0,3277848660945892
883;883;883;883;science_test;politics_dev;sentences;0,3013363182544708
884;884;884;884;politics_test;politics_test;gazetteers;0,710778534412384
885;885;885;885;politics_test;politics_test;gazetteers;0,710778534412384
886;886;886;886;politics_test;politics_test;sentences;0,5993487238883972
887;887;887;887;politics_test;politics_test;sentences;0,5993487238883972
888;888;888;888;politics_test;science_train;gazetteers;0,513188898563385
889;889;889;889;science_train;politics_test;gazetteers;0,5399875044822693
890;890;890;890;politics_test;science_train;sentences;0,2668856084346771
891;891;891;891;science_train;politics_test;sentences;0,3103926479816437
892;892;892;892;politics_test;science_dev;gazetteers;0,5689054131507874
893;893;893;893;science_dev;politics_test;gazetteers;0,5345242023468018
894;894;894;894;politics_test;science_dev;sentences;0,3153806328773498
895;895;895;895;science_dev;politics_test;sentences;0,3105069696903229
896;896;896;896;politics_test;science_test;gazetteers;0,5599629878997803
897;897;897;897;science_test;politics_test;gazetteers;0,5268791913986206
898;898;898;898;politics_test;science_test;sentences;0,3299384713172912
899;899;899;899;science_test;politics_test;sentences;0,3172804713249206
900;900;900;900;science_train;science_train;gazetteers;0,635810136795044
901;901;901;901;science_train;science_train;gazetteers;0,635810136795044
902;902;902;902;science_train;science_train;sentences;0,4962940812110901
903;903;903;903;science_train;science_train;sentences;0,4962940812110901
904;904;904;904;science_train;science_dev;gazetteers;0,6807568669319153
905;905;905;905;science_dev;science_train;gazetteers;0,6138312816619873
906;906;906;906;science_train;science_dev;sentences;0,5537510514259338
907;907;907;907;science_dev;science_train;sentences;0,5074352025985718
908;908;908;908;science_train;science_test;gazetteers;0,6932105422019958
909;909;909;909;science_test;science_train;gazetteers;0,5985823273658752
910;910;910;910;science_train;science_test;sentences;0,5550182461738586
911;911;911;911;science_test;science_train;sentences;0,5016425251960754
912;912;912;912;science_dev;science_dev;gazetteers;0,6671733856201172
913;913;913;913;science_dev;science_dev;gazetteers;0,6671733856201172
914;914;914;914;science_dev;science_dev;sentences;0,559092104434967
915;915;915;915;science_dev;science_dev;sentences;0,559092104434967
916;916;916;916;science_dev;science_test;gazetteers;0,7039374113082886
917;917;917;917;science_test;science_dev;gazetteers;0,676375150680542
918;918;918;918;science_dev;science_test;sentences;0,5706726312637329
919;919;919;919;science_test;science_dev;sentences;0,5651964545249939
920;920;920;920;science_test;science_test;gazetteers;0,6752035617828369
921;921;921;921;science_test;science_test;gazetteers;0,6752035617828369
922;922;922;922;science_test;science_test;sentences;0,5755408406257629
923;923;923;923;science_test;science_test;sentences;0,5755408406257629
